,date,open,close,high,low,volume,code
0,2015-12-03,2622.49,2708.12,2710.81,2622.49,17065282.0,399006
1,2015-12-04,2702.56,2692.16,2749.18,2679.35,17844633.0,399006
2,2015-12-07,2699.34,2738.15,2751.24,2687.02,16420046.0,399006
3,2015-12-08,2723.62,2691.66,2731.72,2678.66,18705171.0,399006
4,2015-12-09,2677.59,2667.91,2699.64,2650.45,16154545.0,399006
5,2015-12-10,2665.27,2695.51,2729.24,2663.37,16327733.0,399006
6,2015-12-11,2686.3,2671.29,2701.69,2666.89,13643432.0,399006
7,2015-12-14,2642.82,2709.26,2709.26,2622.47,13383006.0,399006
8,2015-12-15,2718.25,2745.7,2764.79,2718.25,14459220.0,399006
9,2015-12-16,2760.26,2763.11,2789.28,2749.79,15083848.0,399006
10,2015-12-17,2784.97,2835.7,2835.7,2784.97,20055959.0,399006
11,2015-12-18,2836.92,2830.26,2850.69,2801.64,17824894.0,399006
12,2015-12-21,2825.31,2829.92,2836.61,2800.35,14937293.0,399006
13,2015-12-22,2836.96,2839.85,2849.36,2811.61,13134517.0,399006
14,2015-12-23,2845.43,2783.94,2848.83,2779.93,16247176.0,399006
15,2015-12-24,2775.98,2795.78,2801.56,2735.97,13241041.0,399006
16,2015-12-25,2807.51,2794.73,2820.53,2777.46,12162058.0,399006
17,2015-12-28,2809.52,2735.49,2823.75,2735.49,15497676.0,399006
18,2015-12-29,2732.55,2749.82,2749.82,2710.2,12769369.0,399006
19,2015-12-30,2758.25,2779.51,2781.84,2749.29,13512855.0,399006
20,2015-12-31,2780.54,2714.05,2785.66,2713.69,12958631.0,399006
21,2016-01-04,2706.27,2491.27,2710.3,2490.47,12240174.0,399006
22,2016-01-05,2353.23,2416.73,2481.2,2333.61,18289330.0,399006
23,2016-01-06,2433.36,2468.37,2472.19,2388.69,14194459.0,399006
24,2016-01-07,2415.33,2256.52,2415.33,2254.5,3875525.0,399006
25,2016-01-08,2297.59,2248.99,2318.12,2142.33,16502293.0,399006
26,2016-01-11,2188.19,2106.36,2230.42,2105.77,15208926.0,399006
27,2016-01-12,2117.25,2147.53,2179.09,2087.27,14396596.0,399006
28,2016-01-13,2160.32,2059.78,2174.23,2059.78,12465368.0,399006
29,2016-01-14,1991.23,2175.01,2179.38,1989.86,15648666.0,399006
30,2016-01-15,2160.17,2112.9,2184.56,2096.19,15910294.0,399006
31,2016-01-18,2074.86,2174.93,2206.83,2074.86,16267626.0,399006
32,2016-01-19,2170.09,2241.7,2244.78,2148.72,17700322.0,399006
33,2016-01-20,2222.6,2204.65,2249.35,2190.5,15451188.0,399006
34,2016-01-21,2173.31,2112.4,2241.47,2112.4,14945202.0,399006
35,2016-01-22,2140.28,2149.59,2161.24,2078.12,13609891.0,399006
36,2016-01-25,2165.73,2158.82,2185.21,2136.88,11334177.0,399006
37,2016-01-26,2132.22,1994.05,2135.56,1990.51,13385707.0,399006
38,2016-01-27,1997.32,1997.46,2012.3,1888.25,15926521.0,399006
39,2016-01-28,1969.31,1906.46,1990.92,1900.88,11454203.0,399006
40,2016-01-29,1908.26,1994.06,2011.06,1907.29,12809874.0,399006
41,2016-02-01,1989.21,1992.69,2011.68,1956.92,11156089.0,399006
42,2016-02-02,1996.59,2075.29,2089.21,1996.59,13287649.0,399006
43,2016-02-03,2049.32,2090.51,2105.38,2034.6,12089846.0,399006
44,2016-02-04,2095.62,2126.64,2142.87,2095.62,13143008.0,399006
45,2016-02-05,2127.35,2096.99,2141.56,2096.99,9064702.0,399006
46,2016-02-15,2029.56,2116.84,2130.36,2029.56,10100667.0,399006
47,2016-02-16,2128.06,2201.93,2208.57,2128.06,13912171.0,399006
48,2016-02-17,2197.93,2215.34,2219.78,2171.0,14618497.0,399006
49,2016-02-18,2230.8,2190.91,2239.91,2188.19,14019500.0,399006
50,2016-02-19,2186.01,2211.01,2230.22,2182.96,13407241.0,399006
51,2016-02-22,2235.17,2245.56,2245.56,2216.16,15090614.0,399006
52,2016-02-23,2245.75,2218.12,2249.69,2189.53,13926609.0,399006
53,2016-02-24,2212.59,2203.74,2230.01,2154.27,12884021.0,399006
54,2016-02-25,2198.93,2037.14,2198.93,2030.42,15298955.0,399006
55,2016-02-26,2045.51,2014.92,2057.8,1980.17,12366693.0,399006
56,2016-02-29,2000.57,1880.15,2000.57,1866.25,13247568.0,399006
57,2016-03-01,1881.32,1934.92,1952.43,1841.22,13456661.0,399006
58,2016-03-02,1930.84,2017.6,2022.86,1925.02,16949154.0,399006
59,2016-03-03,2014.18,2007.08,2063.53,2006.71,16805473.0,399006
60,2016-03-04,1994.06,1907.04,2003.69,1895.4,15220975.0,399006
61,2016-03-07,1935.09,1953.33,1995.94,1935.09,11623160.0,399006
62,2016-03-08,1944.65,2002.19,2002.19,1865.65,15627421.0,399006
63,2016-03-09,1962.28,1970.81,2015.71,1947.05,13303672.0,399006
64,2016-03-10,1968.77,1936.97,1991.36,1935.12,10508018.0,399006
65,2016-03-11,1911.32,1934.87,1948.6,1903.92,8487655.0,399006
66,2016-03-14,1962.1,2023.13,2048.5,1962.1,16134405.0,399006
67,2016-03-15,2016.81,1996.92,2034.7,1995.46,12167059.0,399006
68,2016-03-16,2029.92,1977.54,2039.49,1961.42,12220455.0,399006
69,2016-03-17,1986.14,2087.29,2089.14,1986.14,21074139.0,399006
70,2016-03-18,2102.19,2177.87,2194.35,2102.08,25596839.0,399006
71,2016-03-21,2214.91,2227.03,2234.35,2191.66,25540998.0,399006
72,2016-03-22,2201.19,2221.7,2248.19,2189.94,21060006.0,399006
73,2016-03-23,2214.87,2259.11,2259.11,2205.07,19052794.0,399006
74,2016-03-24,2234.22,2219.77,2277.92,2217.84,21400929.0,399006
75,2016-03-25,2209.26,2216.09,2232.07,2183.6,15154009.0,399006
76,2016-03-28,2233.13,2199.69,2259.13,2192.35,16260472.0,399006
77,2016-03-29,2190.88,2152.55,2194.89,2130.85,14170516.0,399006
78,2016-03-30,2172.74,2248.78,2248.78,2172.74,17405975.0,399006
79,2016-03-31,2256.43,2238.29,2271.96,2232.3,18124976.0,399006
80,2016-04-01,2223.38,2205.37,2227.0,2171.34,15701246.0,399006
81,2016-04-05,2207.46,2279.52,2285.2,2205.44,19764938.0,399006
82,2016-04-06,2274.77,2297.04,2305.41,2271.5,20912036.0,399006
83,2016-04-07,2310.92,2248.68,2316.63,2248.68,20302345.0,399006
84,2016-04-08,2230.95,2229.93,2239.8,2194.23,17946971.0,399006
85,2016-04-11,2255.07,2283.14,2301.41,2255.07,19946625.0,399006
86,2016-04-12,2283.21,2264.02,2289.54,2236.44,17078210.0,399006
87,2016-04-13,2278.52,2294.01,2330.05,2278.52,21776634.0,399006
88,2016-04-14,2310.6,2324.39,2325.38,2289.57,18334978.0,399006
89,2016-04-15,2328.31,2309.68,2328.31,2297.68,14526977.0,399006
90,2016-04-18,2288.42,2265.59,2288.42,2249.34,14309772.0,399006
91,2016-04-19,2278.31,2272.52,2289.05,2253.59,13004320.0,399006
92,2016-04-20,2279.76,2145.24,2284.1,2119.42,21667036.0,399006
93,2016-04-21,2135.93,2110.16,2160.26,2106.97,12784062.0,399006
94,2016-04-22,2093.78,2136.92,2136.92,2090.95,10471911.0,399006
95,2016-04-25,2128.66,2126.83,2130.06,2083.64,9557990.0,399006
96,2016-04-26,2123.87,2155.7,2155.7,2119.38,8911518.0,399006
97,2016-04-27,2162.76,2146.61,2176.33,2142.46,10479199.0,399006
98,2016-04-28,2149.1,2155.23,2158.49,2108.27,10123270.0,399006
99,2016-04-29,2141.58,2138.74,2162.19,2138.74,8024639.0,399006
100,2016-05-03,2138.96,2217.23,2217.23,2126.87,14551231.0,399006
101,2016-05-04,2210.13,2211.02,2233.59,2206.26,13671722.0,399006
102,2016-05-05,2208.4,2224.09,2226.55,2198.76,10800328.0,399006
103,2016-05-06,2226.44,2129.19,2235.96,2129.19,16054793.0,399006
104,2016-05-09,2107.33,2053.6,2107.33,2045.12,12230330.0,399006
105,2016-05-10,2051.38,2054.22,2067.62,2044.28,7658732.0,399006
106,2016-05-11,2067.69,2034.93,2073.83,2032.3,9382617.0,399006
107,2016-05-12,2006.26,2034.56,2039.32,1975.06,9177545.0,399006
108,2016-05-13,2030.94,2025.22,2058.66,2013.86,8301000.0,399006
109,2016-05-16,2017.84,2057.86,2057.86,2008.54,9415721.0,399006
110,2016-05-17,2059.51,2081.44,2107.73,2036.88,13540442.0,399006
111,2016-05-18,2062.81,2020.47,2062.81,2000.53,12268130.0,399006
112,2016-05-19,2023.96,2037.4,2076.48,2023.96,12323461.0,399006
113,2016-05-20,2018.38,2065.3,2065.3,2013.53,10424853.0,399006
114,2016-05-23,2073.0,2098.23,2107.05,2073.0,13928264.0,399006
115,2016-05-24,2094.21,2075.51,2094.21,2061.52,12318602.0,399006
116,2016-05-25,2091.97,2067.25,2111.26,2062.64,13310049.0,399006
117,2016-05-26,2060.43,2086.01,2086.49,2019.3,13415969.0,399006
118,2016-05-27,2076.3,2069.89,2090.17,2065.37,11795698.0,399006
119,2016-05-30,2054.62,2058.52,2083.83,2033.67,10960379.0,399006
120,2016-05-31,2061.84,2159.8,2160.53,2060.14,21485082.0,399006
121,2016-06-01,2164.73,2168.82,2188.88,2163.05,20189498.0,399006
122,2016-06-02,2163.59,2188.56,2188.56,2160.25,16283821.0,399006
123,2016-06-03,2176.36,2204.97,2236.58,2175.81,22973700.0,399006
124,2016-06-06,2212.46,2199.3,2219.27,2181.99,16256231.0,399006
125,2016-06-07,2202.04,2196.73,2204.18,2181.29,14432062.0,399006
126,2016-06-08,2191.27,2186.54,2201.53,2166.97,15083478.0,399006
127,2016-06-13,2150.39,2054.71,2165.28,2054.71,18354659.0,399006
128,2016-06-14,2045.21,2058.31,2070.15,2032.44,12691213.0,399006
129,2016-06-15,2033.6,2128.8,2143.45,2031.67,17777760.0,399006
130,2016-06-16,2124.16,2101.42,2137.18,2097.35,17067785.0,399006
131,2016-06-17,2109.57,2122.89,2154.52,2105.24,15627913.0,399006
132,2016-06-20,2117.99,2119.63,2127.68,2088.29,11924627.0,399006
133,2016-06-21,2135.46,2092.0,2153.23,2083.69,16048069.0,399006
134,2016-06-22,2085.98,2144.82,2144.82,2085.65,14222178.0,399006
135,2016-06-23,2144.58,2137.49,2153.58,2115.84,16837015.0,399006
136,2016-06-24,2131.15,2127.36,2157.94,2060.2,19922672.0,399006
137,2016-06-27,2111.1,2191.81,2194.13,2110.6,21030922.0,399006
138,2016-06-28,2181.41,2216.71,2221.46,2173.53,23215990.0,399006
139,2016-06-29,2228.51,2209.79,2238.35,2203.49,18443876.0,399006
140,2016-06-30,2213.6,2227.79,2233.28,2206.8,17941508.0,399006
141,2016-07-01,2231.18,2211.18,2241.63,2203.93,14668383.0,399006
142,2016-07-04,2195.62,2248.71,2254.15,2193.84,17784634.0,399006
143,2016-07-05,2253.69,2246.02,2259.29,2229.0,16139170.0,399006
144,2016-07-06,2239.76,2241.56,2246.73,2229.27,13738409.0,399006
145,2016-07-07,2240.9,2233.92,2247.58,2212.41,16795981.0,399006
146,2016-07-08,2231.97,2239.0,2257.32,2220.21,15557363.0,399006
147,2016-07-11,2242.26,2218.59,2252.66,2216.57,16477804.0,399006
148,2016-07-12,2218.02,2247.35,2247.35,2182.03,18671280.0,399006
149,2016-07-13,2258.26,2285.37,2299.86,2250.64,23655174.0,399006
150,2016-07-14,2282.16,2293.08,2295.59,2273.42,20113199.0,399006
151,2016-07-15,2289.1,2263.78,2293.08,2260.16,17670910.0,399006
152,2016-07-18,2257.42,2249.87,2268.79,2234.21,14307801.0,399006
153,2016-07-19,2249.74,2273.72,2273.72,2237.0,15279340.0,399006
154,2016-07-20,2272.64,2268.53,2288.65,2268.53,14955571.0,399006
155,2016-07-21,2266.08,2265.13,2289.67,2259.2,14547039.0,399006
156,2016-07-22,2262.1,2250.0,2269.55,2248.3,13498454.0,399006
157,2016-07-25,2245.86,2245.89,2264.44,2235.45,12398386.0,399006
158,2016-07-26,2245.94,2279.55,2279.55,2245.94,12447831.0,399006
159,2016-07-27,2282.07,2155.39,2284.28,2138.78,22255143.0,399006
160,2016-07-28,2150.32,2139.74,2166.6,2109.87,14281276.0,399006
161,2016-07-29,2144.27,2122.41,2147.19,2109.13,10217499.0,399006
162,2016-08-01,2113.67,2099.18,2118.09,2066.18,11030561.0,399006
163,2016-08-02,2096.55,2113.21,2114.95,2094.12,7552175.0,399006
164,2016-08-03,2110.23,2108.31,2117.62,2096.73,7799222.0,399006
165,2016-08-04,2107.62,2129.65,2133.18,2102.27,9103905.0,399006
166,2016-08-05,2128.74,2109.05,2129.33,2107.44,8018038.0,399006
167,2016-08-08,2102.24,2130.59,2130.59,2083.98,8364470.0,399006
168,2016-08-09,2128.64,2154.5,2154.5,2128.22,10306897.0,399006
169,2016-08-10,2155.39,2137.0,2164.62,2136.83,9273979.0,399006
170,2016-08-11,2134.6,2103.4,2139.2,2103.4,8555220.0,399006
171,2016-08-12,2098.77,2123.84,2123.86,2097.91,7408592.0,399006
172,2016-08-15,2126.79,2193.21,2200.92,2112.25,17899444.0,399006
173,2016-08-16,2195.02,2201.1,2211.01,2192.97,14031463.0,399006
174,2016-08-17,2200.24,2208.2,2218.29,2195.37,12322147.0,399006
175,2016-08-18,2204.95,2201.59,2213.3,2191.93,12230952.0,399006
176,2016-08-19,2200.68,2204.56,2211.06,2194.11,10110201.0,399006
177,2016-08-22,2205.57,2167.4,2213.41,2167.4,11157702.0,399006
178,2016-08-23,2168.34,2174.16,2186.74,2160.3,8888141.0,399006
179,2016-08-24,2178.53,2192.17,2204.8,2176.35,11938671.0,399006
180,2016-08-25,2179.01,2180.66,2183.73,2152.11,12363500.0,399006
181,2016-08-26,2186.0,2189.75,2211.63,2182.11,12324770.0,399006
182,2016-08-29,2187.72,2193.2,2209.25,2183.81,10617016.0,399006
183,2016-08-30,2197.49,2195.53,2210.4,2193.07,9195771.0,399006
184,2016-08-31,2194.61,2191.76,2198.25,2175.84,8950788.0,399006
185,2016-09-01,2192.94,2181.33,2201.28,2181.33,9310263.0,399006
186,2016-09-02,2176.39,2170.86,2187.69,2160.11,10194717.0,399006
187,2016-09-05,2178.63,2182.69,2199.65,2178.09,8786130.0,399006
188,2016-09-06,2183.23,2222.84,2225.25,2161.93,12993775.0,399006
189,2016-09-07,2223.02,2212.05,2232.12,2208.83,12095709.0,399006
190,2016-09-08,2211.39,2223.47,2223.47,2207.11,9526196.0,399006
191,2016-09-09,2223.58,2202.97,2228.54,2202.97,10852276.0,399006
192,2016-09-12,2163.45,2145.56,2179.98,2145.03,12429362.0,399006
193,2016-09-13,2157.95,2145.87,2165.58,2139.34,8441238.0,399006
194,2016-09-14,2137.4,2144.56,2156.98,2131.71,8118338.0,399006
195,2016-09-19,2149.37,2165.21,2174.4,2149.37,7122703.0,399006
196,2016-09-20,2164.42,2158.43,2167.64,2153.94,6226382.0,399006
197,2016-09-21,2158.06,2162.13,2170.08,2157.38,6833986.0,399006
198,2016-09-22,2174.3,2168.42,2178.53,2166.61,7425830.0,399006
199,2016-09-23,2171.63,2156.51,2173.49,2156.04,7139096.0,399006
200,2016-09-26,2154.4,2122.9,2161.76,2122.9,8670568.0,399006
201,2016-09-27,2118.95,2140.8,2140.8,2112.7,7277514.0,399006
202,2016-09-28,2143.72,2139.63,2143.72,2132.55,6509292.0,399006
203,2016-09-29,2141.34,2146.18,2155.42,2140.98,6285021.0,399006
204,2016-09-30,2144.47,2149.9,2154.4,2143.34,5640391.0,399006
205,2016-10-10,2165.85,2208.47,2208.47,2163.41,10937795.0,399006
206,2016-10-11,2207.43,2210.86,2210.86,2201.31,8803487.0,399006
207,2016-10-12,2202.36,2209.69,2216.52,2198.89,9728405.0,399006
208,2016-10-13,2211.75,2208.57,2216.09,2200.52,9113846.0,399006
209,2016-10-14,2203.87,2194.23,2203.87,2178.91,9080538.0,399006
210,2016-10-17,2199.18,2167.86,2200.47,2160.0,9532774.0,399006
211,2016-10-18,2164.6,2198.14,2198.14,2164.6,9628962.0,399006
212,2016-10-19,2200.53,2184.91,2201.16,2180.47,9622045.0,399006
213,2016-10-20,2187.41,2193.26,2199.06,2184.35,9644504.0,399006
214,2016-10-21,2196.85,2181.0,2202.49,2167.83,11446980.0,399006
215,2016-10-24,2184.11,2200.8,2204.36,2176.92,11116745.0,399006
216,2016-10-25,2202.79,2200.21,2207.81,2196.57,9560979.0,399006
217,2016-10-26,2203.48,2184.49,2204.84,2179.76,11389605.0,399006
218,2016-10-27,2182.91,2182.48,2184.32,2171.24,9341353.0,399006
219,2016-10-28,2182.56,2165.43,2192.9,2165.03,10451183.0,399006
220,2016-10-31,2158.57,2159.76,2162.67,2145.57,9005060.0,399006
221,2016-11-01,2160.39,2176.45,2177.83,2159.71,8764775.0,399006
222,2016-11-02,2170.81,2146.4,2171.66,2145.07,11109391.0,399006
223,2016-11-03,2137.13,2153.18,2167.93,2135.28,11358573.0,399006
224,2016-11-04,2151.92,2145.23,2168.34,2142.41,10557940.0,399006
225,2016-11-07,2141.3,2130.3,2145.82,2126.95,9291182.0,399006
226,2016-11-08,2138.45,2150.3,2154.57,2136.25,8908701.0,399006
227,2016-11-09,2150.62,2123.84,2154.85,2098.56,11208038.0,399006
228,2016-11-10,2143.56,2143.32,2149.09,2138.94,9005558.0,399006
229,2016-11-11,2143.58,2147.11,2147.11,2125.49,12340071.0,399006
230,2016-11-14,2146.83,2161.69,2175.25,2146.83,13823940.0,399006
231,2016-11-15,2161.57,2179.3,2179.3,2152.38,13591229.0,399006
232,2016-11-16,2187.5,2182.47,2208.98,2182.12,15704867.0,399006
233,2016-11-17,2176.12,2163.04,2176.12,2157.54,9344910.0,399006
234,2016-11-18,2164.71,2157.96,2170.79,2155.23,7756542.0,399006
235,2016-11-21,2156.46,2152.6,2162.37,2147.05,8475311.0,399006
236,2016-11-22,2156.52,2177.65,2177.65,2146.62,11125462.0,399006
237,2016-11-23,2182.1,2165.71,2191.26,2163.0,15096671.0,399006
238,2016-11-24,2159.61,2146.63,2172.18,2142.95,10549007.0,399006
239,2016-11-25,2145.97,2167.53,2167.53,2123.74,13608575.0,399006
240,2016-11-28,2172.97,2166.04,2175.51,2159.73,11846432.0,399006
241,2016-11-29,2161.78,2160.35,2178.19,2153.72,14617536.0,399006
242,2016-11-30,2157.54,2183.05,2201.55,2155.24,17791660.0,399006
243,2016-12-01,2181.73,2181.93,2188.09,2175.5,12156105.0,399006
244,2016-12-02,2180.39,2143.45,2186.69,2143.21,13119150.0,399006
245,2016-12-05,2129.25,2143.88,2162.3,2124.75,10282946.0,399006
246,2016-12-06,2149.75,2122.26,2156.69,2121.25,9733745.0,399006
247,2016-12-07,2123.55,2134.99,2134.99,2116.54,8294181.0,399006
248,2016-12-08,2135.79,2114.71,2136.26,2114.04,9250664.0,399006
249,2016-12-09,2114.45,2099.89,2118.63,2097.09,10182685.0,399006
250,2016-12-12,2095.58,1984.39,2096.4,1981.17,16139221.0,399006
251,2016-12-13,1982.08,1985.04,1995.35,1961.91,9784018.0,399006
252,2016-12-14,1982.98,1963.08,1988.46,1958.04,8414288.0,399006
253,2016-12-15,1957.71,1975.85,1991.32,1956.55,8835405.0,399006
254,2016-12-16,1977.86,1998.11,2005.28,1972.22,7731468.0,399006
255,2016-12-19,1995.0,1980.41,1995.0,1976.77,6291467.0,399006
256,2016-12-20,1981.69,1982.3,1989.99,1974.93,5939141.0,399006
257,2016-12-21,1987.76,1991.7,1996.1,1985.05,6043199.0,399006
258,2016-12-22,1993.04,1986.27,1993.04,1978.74,5820064.0,399006
259,2016-12-23,1987.73,1964.54,1992.21,1964.23,7195153.0,399006
260,2016-12-26,1959.19,1974.01,1974.01,1933.52,7708427.0,399006
261,2016-12-27,1972.51,1968.62,1977.31,1968.57,6347849.0,399006
262,2016-12-28,1968.15,1957.15,1971.51,1954.96,6005749.0,399006
263,2016-12-29,1956.72,1959.24,1971.94,1955.62,6759930.0,399006
264,2016-12-30,1961.22,1962.06,1964.7,1952.68,7256585.0,399006
265,2017-01-03,1965.04,1963.26,1971.91,1959.14,7327996.0,399006
266,2017-01-04,1963.02,1991.57,1992.76,1959.57,9966839.0,399006
267,2017-01-05,1990.7,1983.97,1993.71,1983.84,7664510.0,399006
268,2017-01-06,1980.84,1965.03,1982.4,1963.32,7968772.0,399006
269,2017-01-09,1962.2,1961.62,1968.87,1951.49,7127300.0,399006
270,2017-01-10,1960.1,1951.68,1967.47,1951.18,6318582.0,399006
271,2017-01-11,1947.42,1937.55,1959.3,1932.46,7140994.0,399006
272,2017-01-12,1935.52,1930.14,1946.59,1929.05,6744843.0,399006
273,2017-01-13,1930.11,1899.94,1934.48,1899.11,7458726.0,399006
274,2017-01-16,1897.45,1830.85,1897.82,1783.74,11832231.0,399006
275,2017-01-17,1824.1,1867.87,1875.8,1805.39,10685369.0,399006
276,2017-01-18,1860.24,1845.79,1862.83,1845.57,7120459.0,399006
277,2017-01-19,1842.66,1844.14,1853.11,1833.5,5259778.0,399006
278,2017-01-20,1844.37,1880.75,1892.36,1842.62,9893890.0,399006
279,2017-01-23,1879.97,1887.32,1897.1,1879.71,7235846.0,399006
280,2017-01-24,1885.24,1861.22,1885.95,1859.71,7576958.0,399006
281,2017-01-25,1857.32,1870.7,1874.63,1856.22,5672933.0,399006
282,2017-01-26,1872.14,1886.23,1887.67,1872.14,6104147.0,399006
283,2017-02-03,1886.97,1876.76,1888.81,1872.7,5384174.0,399006
284,2017-02-06,1877.14,1900.45,1903.33,1874.71,6581493.0,399006
285,2017-02-07,1897.87,1889.13,1900.35,1881.73,6329100.0,399006
286,2017-02-08,1887.34,1903.63,1903.63,1881.14,7381155.0,399006
287,2017-02-09,1903.67,1914.08,1916.41,1901.88,8668233.0,399006
288,2017-02-10,1913.23,1904.68,1915.43,1900.71,8299373.0,399006
289,2017-02-13,1902.46,1913.68,1919.2,1894.15,8643653.0,399006
290,2017-02-14,1914.14,1909.4,1918.79,1906.41,7436229.0,399006
291,2017-02-15,1911.04,1892.36,1920.29,1890.09,8416103.0,399006
292,2017-02-16,1891.87,1897.63,1900.97,1886.41,6811759.0,399006
293,2017-02-17,1896.7,1882.87,1904.87,1881.0,7762939.0,399006
294,2017-02-20,1884.99,1894.96,1894.96,1876.67,7227233.0,399006
295,2017-02-21,1896.86,1921.08,1924.03,1895.43,10336038.0,399006
296,2017-02-22,1921.55,1919.97,1925.3,1909.12,8582111.0,399006
297,2017-02-23,1919.24,1925.95,1925.95,1906.81,9231558.0,399006
298,2017-02-24,1925.1,1938.44,1939.39,1921.3,10466619.0,399006
299,2017-02-27,1937.56,1926.77,1943.98,1923.53,9418535.0,399006
300,2017-02-28,1926.14,1927.16,1931.82,1918.32,7828431.0,399006
301,2017-03-01,1925.7,1931.97,1938.68,1923.75,8144560.0,399006
302,2017-03-02,1936.08,1920.4,1937.9,1919.74,7851702.0,399006
303,2017-03-03,1916.2,1928.29,1932.21,1908.32,8173117.0,399006
304,2017-03-06,1931.62,1962.77,1962.77,1931.62,11658066.0,399006
305,2017-03-07,1967.18,1977.85,1977.85,1957.29,11318843.0,399006
306,2017-03-08,1976.85,1964.63,1976.85,1960.07,9326276.0,399006
307,2017-03-09,1962.64,1953.94,1962.64,1948.79,9738059.0,399006
308,2017-03-10,1952.5,1950.01,1957.71,1945.57,7840181.0,399006
309,2017-03-13,1948.52,1970.88,1972.08,1939.03,10016149.0,399006
310,2017-03-14,1967.47,1958.02,1970.48,1952.1,10852573.0,399006
311,2017-03-15,1951.71,1957.82,1964.43,1943.61,10108027.0,399006
312,2017-03-16,1959.05,1966.73,1968.43,1959.05,9717051.0,399006
313,2017-03-17,1968.15,1949.66,1981.69,1949.35,11771272.0,399006
314,2017-03-20,1948.6,1953.82,1953.82,1939.65,8688772.0,399006
315,2017-03-21,1953.56,1961.06,1961.65,1948.89,7760561.0,399006
316,2017-03-22,1952.8,1948.58,1959.71,1939.29,9551362.0,399006
317,2017-03-23,1951.87,1948.37,1960.34,1930.44,9361952.0,399006
318,2017-03-24,1948.27,1965.14,1966.42,1946.12,9011715.0,399006
319,2017-03-27,1964.62,1947.53,1967.11,1947.53,8137264.0,399006
320,2017-03-28,1946.33,1944.36,1953.24,1940.38,6893334.0,399006
321,2017-03-29,1945.14,1929.2,1948.72,1926.6,8792451.0,399006
322,2017-03-30,1924.51,1893.7,1926.53,1893.3,10451321.0,399006
323,2017-03-31,1895.81,1907.34,1908.53,1895.81,7486344.0,399006
324,2017-04-05,1914.91,1943.16,1943.43,1914.91,11149456.0,399006
325,2017-04-06,1947.09,1944.23,1951.23,1939.37,10607317.0,399006
326,2017-04-07,1942.11,1946.05,1953.57,1939.32,12539154.0,399006
327,2017-04-10,1940.3,1912.45,1940.3,1911.11,14345232.0,399006
328,2017-04-11,1907.1,1917.63,1920.78,1887.89,14962422.0,399006
329,2017-04-12,1913.78,1897.51,1915.02,1896.85,11350367.0,399006
330,2017-04-13,1896.49,1910.48,1920.23,1896.49,9096025.0,399006
331,2017-04-14,1910.99,1887.46,1910.99,1887.35,9807470.0,399006
332,2017-04-17,1880.77,1868.28,1886.61,1862.36,8968460.0,399006
333,2017-04-18,1867.58,1848.2,1878.1,1847.2,8955024.0,399006
334,2017-04-19,1841.6,1845.38,1845.64,1812.39,11049253.0,399006
335,2017-04-20,1843.97,1850.39,1856.73,1836.44,9189912.0,399006
336,2017-04-21,1849.28,1839.01,1863.58,1836.52,8098537.0,399006
337,2017-04-24,1832.82,1809.91,1832.82,1796.36,8801702.0,399006
338,2017-04-25,1809.56,1818.87,1829.26,1807.67,8494366.0,399006
339,2017-04-26,1812.86,1820.48,1822.12,1811.04,9176560.0,399006
340,2017-04-27,1815.11,1842.92,1847.93,1794.4,14644033.0,399006
341,2017-04-28,1838.74,1850.73,1856.4,1834.43,10288378.0,399006
342,2017-05-02,1849.22,1850.85,1855.34,1843.83,8958465.0,399006
343,2017-05-03,1848.71,1840.45,1854.68,1832.56,9368098.0,399006
344,2017-05-04,1838.71,1838.1,1858.56,1828.63,10754475.0,399006
345,2017-05-05,1832.68,1818.19,1839.65,1818.19,9445329.0,399006
346,2017-05-08,1814.1,1788.71,1825.76,1788.71,10557521.0,399006
347,2017-05-09,1780.52,1802.49,1803.21,1770.59,9556775.0,399006
348,2017-05-10,1801.78,1771.32,1815.83,1771.32,10187825.0,399006
349,2017-05-11,1761.47,1772.41,1772.47,1727.58,11606357.0,399006
350,2017-05-12,1768.3,1774.63,1774.9,1750.4,9025548.0,399006
351,2017-05-15,1778.18,1778.64,1788.56,1776.01,8308693.0,399006
352,2017-05-16,1774.39,1814.94,1814.94,1764.29,12049284.0,399006
353,2017-05-17,1812.71,1822.64,1833.87,1810.21,14410051.0,399006
354,2017-05-18,1807.18,1813.51,1827.78,1803.86,11482763.0,399006
355,2017-05-19,1812.73,1801.08,1815.81,1793.04,8676714.0,399006
356,2017-05-22,1798.56,1788.08,1814.41,1779.47,9331071.0,399006
357,2017-05-23,1784.53,1758.23,1790.11,1757.37,10680208.0,399006
358,2017-05-24,1749.16,1776.28,1776.44,1730.36,9673604.0,399006
359,2017-05-25,1770.65,1777.69,1785.67,1745.23,11326976.0,399006
360,2017-05-26,1769.12,1759.63,1772.93,1754.77,9823247.0,399006
361,2017-05-31,1777.65,1763.73,1783.15,1762.08,10782038.0,399006
362,2017-06-01,1757.8,1728.49,1757.89,1728.49,9686559.0,399006
363,2017-06-02,1721.4,1745.93,1754.21,1711.82,10393653.0,399006
364,2017-06-05,1747.53,1761.25,1767.29,1747.53,10025840.0,399006
365,2017-06-06,1759.29,1766.39,1773.07,1758.32,8251101.0,399006
366,2017-06-07,1764.96,1799.85,1802.52,1762.73,13000078.0,399006
367,2017-06-08,1798.69,1794.75,1804.66,1792.1,10467178.0,399006
368,2017-06-09,1793.65,1796.13,1797.64,1782.18,8828816.0,399006
369,2017-06-12,1787.56,1775.55,1787.56,1773.53,8169238.0,399006
370,2017-06-13,1773.01,1795.63,1800.2,1771.85,9328354.0,399006
371,2017-06-14,1794.04,1790.64,1798.2,1787.06,9764440.0,399006
372,2017-06-15,1788.81,1816.26,1823.42,1788.43,15461795.0,399006
373,2017-06-16,1816.16,1810.05,1819.1,1809.48,11577998.0,399006
374,2017-06-19,1809.51,1816.4,1817.5,1805.88,8995978.0,399006
375,2017-06-20,1818.69,1820.98,1833.94,1818.69,12275102.0,399006
376,2017-06-21,1827.89,1824.69,1829.4,1810.04,12795547.0,399006
377,2017-06-22,1821.84,1798.38,1828.8,1798.38,12056857.0,399006
378,2017-06-23,1794.5,1807.43,1807.43,1776.6,10933763.0,399006
379,2017-06-26,1805.88,1821.28,1821.28,1801.21,9830731.0,399006
380,2017-06-27,1821.37,1819.93,1830.22,1816.66,9245740.0,399006
381,2017-06-28,1817.43,1808.2,1818.11,1802.38,9118170.0,399006
382,2017-06-29,1808.29,1813.55,1822.82,1807.62,10193238.0,399006
383,2017-06-30,1808.08,1818.07,1819.88,1802.61,8971234.0,399006
384,2017-07-03,1818.2,1835.99,1836.49,1816.03,14004246.0,399006
385,2017-07-04,1833.89,1829.51,1834.24,1823.85,12212745.0,399006
386,2017-07-05,1827.26,1836.63,1836.66,1820.96,12241629.0,399006
387,2017-07-06,1835.81,1839.0,1844.2,1823.37,15330412.0,399006
388,2017-07-07,1833.88,1835.44,1836.78,1828.72,11288946.0,399006
389,2017-07-10,1831.37,1803.25,1831.37,1803.23,12396344.0,399006
390,2017-07-11,1799.52,1783.91,1804.72,1783.91,11591200.0,399006
391,2017-07-12,1779.9,1786.75,1788.69,1764.1,11319638.0,399006
392,2017-07-13,1784.26,1778.86,1786.22,1774.78,8973378.0,399006
393,2017-07-14,1771.33,1745.57,1771.33,1742.22,14360271.0,399006
394,2017-07-17,1730.7,1656.43,1730.7,1656.43,17070971.0,399006
395,2017-07-18,1646.64,1667.49,1672.72,1641.38,11295020.0,399006
396,2017-07-19,1663.16,1684.77,1685.74,1654.77,10866782.0,399006
397,2017-07-20,1684.26,1688.61,1712.7,1683.11,11402876.0,399006
398,2017-07-21,1688.79,1690.15,1699.67,1685.79,9865388.0,399006
399,2017-07-24,1685.71,1686.44,1689.38,1674.72,10241218.0,399006
400,2017-07-25,1686.57,1688.09,1694.4,1680.95,10744236.0,399006
401,2017-07-26,1689.48,1681.31,1692.62,1674.22,11949021.0,399006
402,2017-07-27,1678.87,1742.19,1742.92,1675.3,24887601.0,399006
403,2017-07-28,1740.54,1734.07,1746.54,1732.89,20034596.0,399006
404,2017-07-31,1731.92,1736.3,1744.05,1725.5,16674203.0,399006
405,2017-08-01,1735.91,1741.07,1742.01,1727.59,16481557.0,399006
406,2017-08-02,1740.39,1724.83,1744.3,1723.23,16194575.0,399006
407,2017-08-03,1723.03,1733.12,1757.76,1716.53,19404989.0,399006
408,2017-08-04,1731.03,1719.62,1734.18,1718.91,15802380.0,399006
409,2017-08-07,1722.24,1732.43,1743.62,1720.99,13605534.0,399006
410,2017-08-08,1731.73,1762.42,1762.44,1728.59,18506324.0,399006
411,2017-08-09,1756.5,1763.05,1770.75,1751.83,17982809.0,399006
412,2017-08-10,1761.43,1753.67,1777.19,1741.4,16754991.0,399006
413,2017-08-11,1742.0,1742.14,1763.91,1738.14,16826884.0,399006
414,2017-08-14,1745.01,1793.48,1794.07,1745.01,20727375.0,399006
415,2017-08-15,1796.24,1798.57,1803.19,1785.62,17411507.0,399006
416,2017-08-16,1797.05,1825.19,1835.62,1792.72,27035458.0,399006
417,2017-08-17,1819.43,1833.4,1845.25,1816.14,23840192.0,399006
418,2017-08-18,1822.07,1821.8,1835.67,1817.64,18234819.0,399006
419,2017-08-21,1823.37,1829.22,1834.66,1818.86,16818456.0,399006
420,2017-08-22,1829.4,1814.92,1831.66,1811.97,17076495.0,399006
421,2017-08-23,1813.43,1807.37,1818.65,1801.15,15000369.0,399006
422,2017-08-24,1807.85,1795.74,1812.08,1792.7,13422944.0,399006
423,2017-08-25,1794.7,1812.88,1814.54,1794.7,13773721.0,399006
424,2017-08-28,1815.84,1842.83,1856.21,1815.84,21303988.0,399006
425,2017-08-29,1842.15,1831.59,1850.82,1828.54,15777429.0,399006
426,2017-08-30,1830.7,1838.63,1849.24,1830.55,13770788.0,399006
427,2017-08-31,1841.0,1849.38,1850.81,1839.81,13583437.0,399006
428,2017-09-01,1850.02,1865.25,1865.81,1840.52,18585907.0,399006
429,2017-09-04,1863.02,1883.62,1888.98,1858.39,22242990.0,399006
430,2017-09-05,1881.67,1885.16,1891.79,1873.16,20123783.0,399006
431,2017-09-06,1880.7,1902.86,1902.86,1877.27,22635680.0,399006
432,2017-09-07,1904.54,1890.38,1917.96,1889.33,26541694.0,399006
433,2017-09-08,1888.4,1885.27,1895.86,1872.91,18138968.0,399006
434,2017-09-11,1883.65,1896.38,1896.38,1880.14,17269176.0,399006
435,2017-09-12,1897.52,1884.48,1904.3,1882.57,22782702.0,399006
436,2017-09-13,1884.54,1888.43,1888.44,1874.87,16804556.0,399006
437,2017-09-14,1887.36,1879.25,1892.99,1874.22,16091422.0,399006
438,2017-09-15,1877.17,1875.63,1882.53,1869.63,16132091.0,399006
439,2017-09-18,1874.45,1894.8,1894.81,1873.97,15181688.0,399006
440,2017-09-19,1896.62,1880.3,1901.27,1877.14,15716484.0,399006
441,2017-09-20,1878.57,1892.67,1892.67,1876.68,14732082.0,399006
442,2017-09-21,1892.95,1872.77,1898.21,1872.65,15438807.0,399006
443,2017-09-22,1869.11,1866.42,1871.24,1854.94,13571189.0,399006
444,2017-09-25,1864.86,1843.62,1869.39,1841.36,12699118.0,399006
445,2017-09-26,1840.48,1839.46,1848.14,1826.92,10913990.0,399006
446,2017-09-27,1840.17,1854.94,1857.33,1840.17,11555199.0,399006
447,2017-09-28,1853.38,1854.73,1864.25,1852.46,13246847.0,399006
448,2017-09-29,1858.06,1866.98,1866.98,1856.86,13144927.0,399006
449,2017-10-09,1889.89,1889.84,1894.91,1880.39,16990834.0,399006
450,2017-10-10,1890.66,1917.46,1917.46,1887.47,19610121.0,399006
451,2017-10-11,1918.35,1901.55,1924.0,1899.96,18601974.0,399006
452,2017-10-12,1900.87,1899.99,1909.48,1889.44,14006645.0,399006
453,2017-10-13,1901.18,1926.07,1927.02,1898.34,16499395.0,399006
454,2017-10-16,1920.94,1882.69,1921.64,1882.69,20207548.0,399006
455,2017-10-17,1876.69,1876.99,1888.62,1868.92,12119523.0,399006
456,2017-10-18,1878.29,1868.16,1890.32,1867.83,13032386.0,399006
457,2017-10-19,1865.93,1862.61,1876.67,1855.36,12549253.0,399006
458,2017-10-20,1858.62,1880.21,1880.21,1856.1,10542299.0,399006
459,2017-10-23,1881.41,1898.76,1900.38,1878.34,11865659.0,399006
460,2017-10-24,1895.44,1901.69,1901.69,1882.68,12563812.0,399006
461,2017-10-25,1898.63,1913.26,1913.26,1893.94,11462834.0,399006
462,2017-10-26,1911.85,1910.72,1918.79,1902.27,14308766.0,399006
463,2017-10-27,1909.57,1896.22,1910.93,1895.26,11757574.0,399006
464,2017-10-30,1894.86,1855.99,1902.05,1848.04,16969890.0,399006
465,2017-10-31,1855.94,1869.79,1869.79,1855.23,11329218.0,399006
466,2017-11-01,1867.99,1872.75,1881.49,1866.52,12230927.0,399006
467,2017-11-02,1869.72,1847.56,1869.72,1847.41,12911244.0,399006
468,2017-11-03,1843.8,1832.97,1856.22,1825.29,12665867.0,399006
469,2017-11-06,1831.9,1850.3,1850.3,1818.41,11749013.0,399006
470,2017-11-07,1849.32,1859.07,1859.11,1843.92,13502498.0,399006
471,2017-11-08,1858.64,1866.14,1881.05,1856.39,17165896.0,399006
472,2017-11-09,1864.25,1884.11,1884.11,1858.73,15463835.0,399006
473,2017-11-10,1882.72,1900.63,1905.06,1882.28,16308566.0,399006
474,2017-11-13,1904.58,1906.44,1911.17,1895.87,16195122.0,399006
475,2017-11-14,1908.04,1896.72,1912.49,1888.86,16651160.0,399006
476,2017-11-15,1892.65,1868.08,1894.61,1861.59,14126364.0,399006
477,2017-11-16,1865.72,1878.26,1883.02,1859.77,13252341.0,399006
478,2017-11-17,1879.43,1833.9,1884.02,1831.01,18731530.0,399006
479,2017-11-20,1819.17,1859.75,1859.75,1795.69,14222204.0,399006
480,2017-11-21,1856.73,1856.96,1871.71,1844.42,15270720.0,399006
481,2017-11-22,1854.58,1853.38,1867.79,1837.3,16338811.0,399006
482,2017-11-23,1848.22,1794.78,1848.22,1793.49,15392438.0,399006
483,2017-11-24,1789.51,1782.66,1804.21,1782.6,12132671.0,399006
484,2017-11-27,1781.22,1760.9,1794.01,1758.45,12184450.0,399006
485,2017-11-28,1761.52,1793.87,1794.14,1761.52,11933506.0,399006
486,2017-11-29,1793.28,1787.38,1795.51,1767.63,11952167.0,399006
487,2017-11-30,1783.23,1770.3,1792.14,1765.3,10991392.0,399006
488,2017-12-01,1772.04,1804.62,1808.69,1771.89,13857311.0,399006
489,2017-12-04,1803.03,1797.77,1812.4,1795.13,12298025.0,399006
490,2017-12-05,1794.7,1758.59,1799.88,1746.12,12989577.0,399006
491,2017-12-06,1755.77,1784.31,1784.82,1744.49,13375248.0,399006
492,2017-12-07,1780.97,1776.99,1791.06,1774.99,11345212.0,399006
493,2017-12-08,1776.26,1792.16,1803.36,1776.26,11832505.0,399006
494,2017-12-11,1800.13,1816.98,1816.98,1800.13,13539678.0,399006
495,2017-12-12,1818.41,1798.69,1821.48,1798.69,12278140.0,399006
496,2017-12-13,1795.47,1806.09,1806.19,1787.71,10312687.0,399006
497,2017-12-14,1804.19,1794.34,1809.67,1787.67,10741660.0,399006
498,2017-12-15,1793.24,1783.97,1801.41,1780.27,11748463.0,399006
499,2017-12-18,1784.41,1780.64,1790.87,1773.32,10009225.0,399006
500,2017-12-19,1781.81,1798.5,1802.58,1781.81,10922661.0,399006
501,2017-12-20,1798.36,1782.41,1799.36,1779.68,10675307.0,399006
502,2017-12-21,1776.45,1789.74,1796.58,1762.98,11899456.0,399006
503,2017-12-22,1788.66,1779.34,1795.07,1778.61,11382035.0,399006
504,2017-12-25,1778.96,1755.81,1780.52,1751.91,12320747.0,399006
505,2017-12-26,1755.14,1758.82,1760.46,1742.26,9869696.0,399006
506,2017-12-27,1756.04,1745.24,1760.42,1743.77,10633246.0,399006
507,2017-12-28,1742.47,1745.02,1759.1,1742.02,11093408.0,399006
508,2017-12-29,1745.95,1752.65,1753.98,1741.0,10316100.0,399006
509,2018-01-02,1759.02,1769.67,1770.01,1748.53,10578359.0,399006
510,2018-01-03,1770.03,1795.38,1798.78,1766.34,13587703.0,399006
511,2018-01-04,1790.65,1794.61,1795.25,1788.54,11293801.0,399006
512,2018-01-05,1797.26,1801.42,1804.88,1795.26,12328931.0,399006
513,2018-01-08,1801.18,1806.16,1806.16,1785.38,14423584.0,399006
514,2018-01-09,1803.36,1803.59,1808.66,1799.42,11712443.0,399006
515,2018-01-10,1803.6,1791.08,1804.73,1780.1,12842488.0,399006
516,2018-01-11,1787.38,1804.23,1807.15,1776.01,14631391.0,399006
517,2018-01-12,1800.89,1785.7,1802.52,1785.61,12183914.0,399006
518,2018-01-15,1778.79,1732.62,1780.19,1727.0,16456135.0,399006
519,2018-01-16,1729.56,1729.6,1740.85,1720.65,13314725.0,399006
520,2018-01-17,1722.45,1742.03,1750.06,1697.62,16089627.0,399006
521,2018-01-18,1735.46,1738.0,1754.62,1734.77,11141885.0,399006
522,2018-01-19,1735.03,1728.14,1745.59,1726.53,13453789.0,399006
523,2018-01-22,1726.32,1768.21,1776.18,1715.43,18912029.0,399006
524,2018-01-23,1767.33,1767.83,1776.49,1760.34,13588538.0,399006
525,2018-01-24,1763.69,1813.28,1817.08,1752.3,27494702.0,399006
526,2018-01-25,1811.11,1810.83,1852.23,1807.51,29595388.0,399006
527,2018-01-26,1809.13,1816.8,1830.55,1809.13,20204789.0,399006
528,2018-01-29,1811.54,1799.77,1826.1,1791.58,22263944.0,399006
529,2018-01-30,1794.33,1782.4,1808.01,1779.33,17711707.0,399006
530,2018-01-31,1766.77,1735.06,1767.78,1732.98,20113892.0,399006
531,2018-02-01,1735.66,1697.39,1746.55,1697.39,19029541.0,399006
532,2018-02-02,1683.18,1702.43,1726.89,1676.24,17717254.0,399006
533,2018-02-05,1678.19,1688.27,1698.28,1674.98,14897309.0,399006
534,2018-02-06,1653.45,1598.12,1675.56,1597.89,20271778.0,399006
535,2018-02-07,1632.87,1616.4,1637.78,1571.47,22702002.0,399006
536,2018-02-08,1608.73,1641.43,1651.59,1608.63,18260389.0,399006
537,2018-02-09,1598.48,1592.51,1629.36,1576.89,20876459.0,399006
538,2018-02-12,1604.56,1648.07,1654.65,1604.56,16703878.0,399006
539,2018-02-13,1657.13,1648.58,1669.08,1644.87,14915166.0,399006
540,2018-02-14,1649.57,1646.77,1652.01,1633.76,10024377.0,399006
541,2018-02-22,1661.56,1677.76,1679.79,1650.88,14005315.0,399006
542,2018-02-23,1674.62,1668.83,1681.24,1656.95,12520091.0,399006
543,2018-02-26,1683.15,1729.15,1733.71,1673.95,19921364.0,399006
544,2018-02-27,1729.94,1743.54,1757.37,1728.31,22840752.0,399006
545,2018-02-28,1730.15,1753.63,1773.73,1723.4,21640763.0,399006
546,2018-03-01,1744.34,1789.85,1789.85,1741.03,23192765.0,399006
547,2018-03-02,1777.46,1772.01,1804.25,1767.9,20722330.0,399006
548,2018-03-05,1780.82,1795.69,1795.69,1768.88,16711339.0,399006
549,2018-03-06,1798.03,1797.61,1810.26,1790.54,19531345.0,399006
550,2018-03-07,1795.17,1785.27,1800.45,1780.3,15820199.0,399006
551,2018-03-08,1783.1,1793.22,1795.82,1781.46,13919038.0,399006
552,2018-03-09,1794.25,1856.46,1858.03,1793.92,27955147.0,399006
553,2018-03-12,1872.03,1882.41,1901.15,1872.03,27855975.0,399006
554,2018-03-13,1879.63,1872.68,1896.5,1863.16,21971604.0,399006
555,2018-03-14,1863.57,1841.29,1874.15,1840.35,17682396.0,399006
556,2018-03-15,1833.77,1848.71,1848.72,1812.48,18110718.0,399006
557,2018-03-16,1847.18,1821.32,1857.15,1821.32,17797266.0,399006
558,2018-03-19,1822.6,1842.92,1860.2,1818.62,19235058.0,399006
559,2018-03-20,1828.01,1864.62,1867.46,1825.67,17739147.0,399006
560,2018-03-21,1866.81,1829.91,1877.13,1829.91,20648269.0,399006
561,2018-03-22,1830.56,1817.23,1841.4,1814.69,18005138.0,399006
562,2018-03-23,1751.74,1726.02,1792.23,1710.4,26928578.0,399006
563,2018-03-26,1704.35,1780.61,1781.84,1693.73,21541043.0,399006
564,2018-03-27,1799.15,1844.69,1846.54,1797.09,26961230.0,399006
565,2018-03-28,1819.66,1835.15,1856.89,1816.44,24392107.0,399006
566,2018-03-29,1843.44,1842.19,1857.32,1825.97,20528228.0,399006
567,2018-03-30,1850.2,1900.48,1900.96,1849.25,26234020.0,399006
568,2018-04-02,1911.57,1900.25,1918.22,1891.96,25412854.0,399006
569,2018-04-03,1869.87,1872.47,1886.97,1850.01,21000340.0,399006
570,2018-04-04,1880.33,1836.81,1887.11,1834.67,18745064.0,399006
571,2018-04-09,1830.88,1841.65,1862.97,1819.09,17622958.0,399006
572,2018-04-10,1838.88,1835.52,1842.22,1811.35,19089260.0,399006
573,2018-04-11,1840.09,1834.63,1857.92,1832.42,17014662.0,399006
574,2018-04-12,1830.91,1826.89,1848.63,1826.69,13785863.0,399006
575,2018-04-13,1840.87,1824.59,1848.92,1822.66,14069209.0,399006
576,2018-04-16,1818.25,1838.71,1852.08,1816.32,19130734.0,399006
577,2018-04-17,1843.75,1783.74,1849.69,1783.74,20054649.0,399006
578,2018-04-18,1793.83,1822.26,1832.99,1757.39,22856327.0,399006
579,2018-04-19,1815.45,1820.28,1839.13,1812.93,18856374.0,399006
580,2018-04-20,1813.75,1782.81,1830.73,1781.21,20517748.0,399006
581,2018-04-23,1784.15,1753.05,1794.68,1729.9,19226567.0,399006
582,2018-04-24,1753.64,1806.86,1806.9,1749.18,19166450.0,399006
583,2018-04-25,1798.0,1819.41,1825.23,1795.79,17577466.0,399006
584,2018-04-26,1818.69,1781.28,1819.43,1780.62,15737440.0,399006
585,2018-04-27,1790.3,1805.6,1813.57,1779.17,16989168.0,399006
586,2018-05-02,1814.63,1801.57,1833.27,1788.01,15865571.0,399006
587,2018-05-03,1797.12,1826.79,1827.77,1767.6,18320907.0,399006
588,2018-05-04,1821.02,1814.85,1832.96,1812.07,14025634.0,399006
589,2018-05-07,1819.67,1852.34,1854.3,1819.02,16159711.0,399006
590,2018-05-08,1852.69,1856.87,1857.95,1842.63,15375295.0,399006
591,2018-05-09,1853.83,1855.81,1861.94,1845.9,13315099.0,399006
592,2018-05-10,1857.99,1865.36,1866.82,1846.11,15127403.0,399006
593,2018-05-11,1866.93,1834.78,1870.0,1834.78,15771494.0,399006
594,2018-05-14,1835.7,1830.98,1844.65,1825.69,16665849.0,399006
595,2018-05-15,1830.84,1858.01,1858.99,1825.5,15362835.0,399006
596,2018-05-16,1850.01,1846.67,1862.29,1845.09,13391533.0,399006
597,2018-05-17,1845.28,1831.2,1851.12,1826.23,10980008.0,399006
598,2018-05-18,1829.06,1836.75,1839.0,1812.66,12106338.0,399006
599,2018-05-21,1845.76,1862.48,1870.57,1845.76,16815400.0,399006
600,2018-05-22,1860.63,1876.0,1876.16,1858.11,14602566.0,399006
601,2018-05-23,1869.5,1845.97,1876.2,1845.81,14570025.0,399006
602,2018-05-24,1847.81,1838.4,1855.99,1837.44,13607511.0,399006
603,2018-05-25,1835.41,1804.55,1841.64,1804.55,16111610.0,399006
604,2018-05-28,1804.78,1796.91,1815.22,1788.03,14093090.0,399006
605,2018-05-29,1795.72,1773.65,1815.2,1773.62,13830939.0,399006
606,2018-05-30,1744.24,1726.22,1758.87,1724.28,16605987.0,399006
607,2018-05-31,1741.33,1743.74,1748.53,1714.85,14120851.0,399006
608,2018-06-01,1734.35,1709.55,1744.01,1699.68,12174329.0,399006
609,2018-06-04,1709.57,1702.93,1715.41,1690.99,12355913.0,399006
610,2018-06-05,1702.37,1746.11,1747.75,1702.37,13695946.0,399006
611,2018-06-06,1744.17,1743.25,1751.97,1735.37,13196366.0,399006
612,2018-06-07,1747.93,1730.38,1750.51,1728.06,12368651.0,399006
613,2018-06-08,1726.3,1711.52,1727.49,1698.25,12292790.0,399006
614,2018-06-11,1707.14,1688.62,1708.2,1684.31,10855214.0,399006
615,2018-06-12,1692.67,1712.77,1715.66,1681.0,11753622.0,399006
616,2018-06-13,1711.53,1685.89,1711.53,1685.89,11063256.0,399006
617,2018-06-14,1682.84,1673.32,1702.69,1669.38,11346421.0,399006
618,2018-06-15,1673.9,1641.66,1681.89,1636.7,12913923.0,399006
619,2018-06-19,1612.9,1547.15,1626.87,1532.32,17423205.0,399006
620,2018-06-20,1540.61,1563.79,1577.62,1525.29,15691733.0,399006
621,2018-06-21,1562.37,1521.68,1570.6,1521.56,15020622.0,399006
622,2018-06-22,1514.04,1549.66,1555.72,1506.62,12982487.0,399006
623,2018-06-25,1563.74,1538.56,1566.78,1537.27,12262466.0,399006
624,2018-06-26,1518.5,1564.92,1570.28,1515.27,15040944.0,399006
625,2018-06-27,1564.29,1546.23,1572.61,1542.52,13084202.0,399006
626,2018-06-28,1544.65,1543.66,1570.9,1540.89,13639018.0,399006
627,2018-06-29,1547.15,1606.71,1609.73,1547.15,16980018.0,399006
628,2018-07-02,1605.21,1588.37,1614.34,1572.56,14941353.0,399006
629,2018-07-03,1589.5,1607.12,1613.83,1558.0,16824166.0,399006
630,2018-07-04,1595.89,1565.61,1596.0,1557.54,13819654.0,399006
631,2018-07-05,1560.98,1532.68,1576.99,1532.43,12201737.0,399006
632,2018-07-06,1532.05,1541.31,1571.02,1517.06,16682889.0,399006
633,2018-07-09,1546.01,1581.93,1582.53,1546.01,14511007.0,399006
634,2018-07-10,1583.74,1592.98,1594.0,1577.39,13430172.0,399006
635,2018-07-11,1562.59,1563.01,1577.17,1540.7,16415462.0,399006
636,2018-07-12,1563.79,1614.63,1620.64,1563.79,24418003.0,399006
637,2018-07-13,1612.19,1618.46,1626.27,1608.6,20929747.0,399006
638,2018-07-16,1614.56,1616.91,1624.33,1605.21,18078671.0,399006
639,2018-07-17,1615.84,1621.63,1622.09,1597.88,18278027.0,399006
